"","Date","cn_rir","cn_gdp","cn_fr","us_fr","us_gdp","hk_gdp","jp_gdp","Date","cn_gdp_smooth","cn_rir_smooth","cn_fr_smooth","us_fr_smooth","us_gdp_smooth","hk_gdp_smooth","jp_gdp_smooth"
"1",2004-01-01,-1.2828117,7.32804331598194,13.3422192010192,12.1572226303946,10.636855354828,10.1215742595379,10.5533906148928,2004-01-01,7.29593304890186,-1.99303833038325,13.2784758288966,12.1672830877869,10.624874462221,10.1067291521681,10.5539763560411
"2",2004-02-01,-1.2828117,7.32804331598194,13.3422192010192,12.1572226303946,10.636855354828,10.1215742595379,10.5533906148928,2004-02-01,7.29728033283528,-1.96323861162591,13.2811503759787,12.1668609706935,10.6253771570157,10.107352023806,10.5539517794894
"3",2004-03-01,-1.2828117,7.32804331598194,13.3422192010192,12.1572226303946,10.636855354828,10.1215742595379,10.5533906148928,2004-03-01,7.29997490070214,-1.90363917411123,13.2864994701428,12.1660167365067,10.6263825466051,10.1085977670818,10.553902626386
"4",2004-04-01,-1.2828117,7.32804331598194,13.3422192010192,12.1572226303946,10.636855354828,10.1215742595379,10.5533906148928,2004-04-01,7.30401675250242,-1.81424001783922,13.294523111389,12.1647503852266,10.6278906309892,10.1104663819955,10.553828896731
"5",2004-05-01,-1.2828117,7.32804331598194,13.3422192010192,12.1572226303946,10.636855354828,10.1215742595379,10.5533906148928,2004-05-01,7.30940588823613,-1.69504114280987,13.3052212997173,12.163061916853,10.6299014101679,10.112957868547,10.5537305905243
"6",2004-06-01,-1.2828117,7.32804331598194,13.3422192010192,12.1572226303946,10.636855354828,10.1215742595379,10.5533906148928,2004-06-01,7.31614230790327,-1.54604254902318,13.3185940351276,12.1609513313861,10.6324148841414,10.1160722267365,10.5536077077659
"7",2004-07-01,-1.2828117,7.32804331598194,13.3422192010192,12.1572226303946,10.636855354828,10.1215742595379,10.5533906148928,2004-07-01,7.32422601150383,-1.36724423647915,13.33464131762,12.1584186288258,10.6354310529096,10.1198094565638,10.5534602484558
"8",2004-08-01,-1.2828117,7.32804331598194,13.3422192010192,12.1572226303946,10.636855354828,10.1215742595379,10.5533906148928,2004-08-01,7.33365699903782,-1.15864620517779,13.3533631471944,12.1554638091721,10.6389499164724,10.124169558029,10.553288212594
"9",2004-09-01,-1.2828117,7.32804331598194,13.3422192010192,12.1572226303946,10.636855354828,10.1215742595379,10.5533906148928,2004-09-01,7.34443527050525,-0.92024845511908,13.3747595238509,12.152086872425,10.64297147483,10.1291525311322,10.5530916001806
"10",2004-10-01,-1.2828117,7.32804331598194,13.3422192010192,12.1572226303946,10.636855354828,10.1215742595379,10.5533906148928,2004-10-01,7.35656082590609,-0.65205098630304,13.3988304475895,12.1482878185845,10.6474957279823,10.1347583758732,10.5528704112155
"11",2004-11-01,-1.2828117,7.32804331598194,13.3422192010192,12.1572226303946,10.636855354828,10.1215742595379,10.5533906148928,2004-11-01,7.37003366524037,-0.354053798729659,13.4255759184101,12.1440666476506,10.6525226759292,10.1409870922521,10.5526246456987
"12",2004-12-01,-1.2828117,7.32804331598194,13.3422192010192,12.1572226303946,10.636855354828,10.1215742595379,10.5533906148928,2004-12-01,7.38485378850807,-0.0262568923989419,13.4549959363128,12.1394233596234,10.6580523186708,10.1478386802689,10.5523543036302
"13",2005-01-01,1.6132775,7.4835340254266,13.6308778762119,12.1455747057711,10.6927231554456,10.1868516534524,10.5405697300881,2005-01-01,7.4010211957092,0.331339732689114,13.4870905012976,12.1343579545027,10.6640846562072,10.1553131399235,10.5520593850101
"14",2005-02-01,1.6132775,7.4835340254266,13.6308778762119,12.1455747057711,10.6927231554456,10.1868516534524,10.5405697300881,2005-02-01,7.41691973955835,0.660201658308354,13.5178116649186,12.1309321219456,10.6699265312032,10.1623860185472,10.5513504411097
"15",2005-03-01,1.6132775,7.4835340254266,13.6308778762119,12.1455747057711,10.6927231554456,10.1868516534524,10.5405697300881,2005-03-01,7.43254942005552,0.960328884458778,13.5471594271759,12.1291458619521,10.6755779436588,10.1690573161399,10.5502274719292
"16",2005-04-01,1.6132775,7.4835340254266,13.6308778762119,12.1455747057711,10.6927231554456,10.1868516534524,10.5405697300881,2005-04-01,7.44791023720071,1.23172141114039,13.5751337880695,12.1289991745222,10.6810388935741,10.1753270327016,10.5486904774685
"17",2005-05-01,1.6132775,7.4835340254266,13.6308778762119,12.1455747057711,10.6927231554456,10.1868516534524,10.5405697300881,2005-05-01,7.46300219099391,1.47437923835318,13.6017347475994,12.1304920596559,10.6863093809491,10.1811951682323,10.5467394577275
"18",2005-06-01,1.6132775,7.4835340254266,13.6308778762119,12.1455747057711,10.6927231554456,10.1868516534524,10.5405697300881,2005-06-01,7.47782528143514,1.68830236609715,13.6269623057656,12.1336245173531,10.6913894057837,10.186661722732,10.5443744127064
"19",2005-07-01,1.6132775,7.4835340254266,13.6308778762119,12.1455747057711,10.6927231554456,10.1868516534524,10.5405697300881,2005-07-01,7.49237950852439,1.87349079437231,13.6508164625681,12.1383965476139,10.696278968078,10.1917266962008,10.5415953424051
"20",2005-08-01,1.6132775,7.4835340254266,13.6308778762119,12.1455747057711,10.6927231554456,10.1868516534524,10.5405697300881,2005-08-01,7.50666487226165,2.02994452317866,13.6732972180068,12.1448081504383,10.700978067832,10.1963900886385,10.5384022468237
"21",2005-09-01,1.6132775,7.4835340254266,13.6308778762119,12.1455747057711,10.6927231554456,10.1868516534524,10.5405697300881,2005-09-01,7.52068137264694,2.15766355251619,13.6944045720819,12.1528593258262,10.7054867050456,10.2006519000452,10.534795125962
"22",2005-10-01,1.6132775,7.4835340254266,13.6308778762119,12.1455747057711,10.6927231554456,10.1868516534524,10.5405697300881,2005-10-01,7.53442900968024,2.2566478823849,13.7141385247932,12.1625500737777,10.7098048797189,10.204512130421,10.5307739798201
"23",2005-11-01,1.6132775,7.4835340254266,13.6308778762119,12.1455747057711,10.6927231554456,10.1868516534524,10.5405697300881,2005-11-01,7.54790778336156,2.3268975127848,13.7324990761408,12.1738803942928,10.7139325918518,10.2079707797657,10.5263388083981
"24",2005-12-01,1.6132775,7.4835340254266,13.6308778762119,12.1455747057711,10.6927231554456,10.1868516534524,10.5405697300881,2005-12-01,7.56111769369091,2.36841244371588,13.7494862261247,12.1868502873715,10.7178698414444,10.2110278480795,10.5214896116959
"25",2006-01-01,2.11057773,7.6629636959922,13.8931710607811,12.3063193707858,10.7410997941023,10.240964891016,10.4918823658119,2006-01-01,7.57405874066827,2.38119267517814,13.7650999747448,12.2014597530137,10.7216166284966,10.2136833353623,10.5162263897134
"26",2006-02-01,2.11057773,7.6629636959922,13.8931710607811,12.3063193707858,10.7410997941023,10.240964891016,10.4918823658119,2006-02-01,7.58774367003507,2.37966914923255,13.782484162608,12.2170975077499,10.7253162478629,10.2168706985443,10.511156329843
"27",2006-03-01,2.11057773,7.6629636959922,13.8931710607811,12.3063193707858,10.7410997941023,10.240964891016,10.4918823658119,2006-03-01,7.60217248179132,2.3638418658791,13.8016387897142,12.2337635515801,10.7289686995432,10.2205899376255,10.5062794320845
"28",2006-04-01,2.11057773,7.6629636959922,13.8931710607811,12.3063193707858,10.7410997941023,10.240964891016,10.4918823658119,2006-04-01,7.617345175937,2.33371082511779,13.8225638560634,12.2514578845043,10.7325739835376,10.224841052606,10.5015956964379
"29",2006-05-01,2.11057773,7.6629636959922,13.8931710607811,12.3063193707858,10.7410997941023,10.240964891016,10.4918823658119,2006-05-01,7.63326175247214,2.28927602694862,13.8452593616557,12.2701805065224,10.7361320998461,10.2296240434857,10.4971051229033
"30",2006-06-01,2.11057773,7.6629636959922,13.8931710607811,12.3063193707858,10.7410997941023,10.240964891016,10.4918823658119,2006-06-01,7.64992221139671,2.2305374713716,13.8697253064909,12.2899314176345,10.7396430484686,10.2349389102647,10.4928077114807
"31",2006-07-01,2.11057773,7.6629636959922,13.8931710607811,12.3063193707858,10.7410997941023,10.240964891016,10.4918823658119,2006-07-01,7.66732655271073,2.15749515838671,13.8959616905692,12.3107106178406,10.7431068294052,10.2407856529429,10.48870346217
"32",2006-08-01,2.11057773,7.6629636959922,13.8931710607811,12.3063193707858,10.7410997941023,10.240964891016,10.4918823658119,2006-08-01,7.68547477641419,2.07014908799397,13.9239685138904,12.3325181071406,10.7465234426558,10.2471642715203,10.4847923749713
"33",2006-09-01,2.11057773,7.6629636959922,13.8931710607811,12.3063193707858,10.7410997941023,10.240964891016,10.4918823658119,2006-09-01,7.70436688250709,1.96849926019337,13.9537457764547,12.3553538855347,10.7498928882204,10.2540747659969,10.4810744498846
"34",2006-10-01,2.11057773,7.6629636959922,13.8931710607811,12.3063193707858,10.7410997941023,10.240964891016,10.4918823658119,2006-10-01,7.72400287098943,1.85254567498491,13.985293478262,12.3792179530227,10.7532151660992,10.2615171363728,10.4775496869098
"35",2006-11-01,2.11057773,7.6629636959922,13.8931710607811,12.3063193707858,10.7410997941023,10.240964891016,10.4918823658119,2006-11-01,7.74438274186122,1.72228833236859,14.0186116193123,12.4041103096047,10.7564902762919,10.269491382648,10.4742180860469
"36",2006-12-01,2.11057773,7.6629636959922,13.8931710607811,12.3063193707858,10.7410997941023,10.240964891016,10.4918823658119,2006-12-01,7.76550649512245,1.57772723234442,14.0537001996057,12.4300309552806,10.7597182187987,10.2779975048223,10.4710796472961
"37",2007-01-01,-0.2595706,7.91346651689607,14.2514173538884,12.5337525633525,10.7777754471362,10.325303290897,10.4870216324471,2007-01-01,7.78737413077312,1.41886237491238,14.090559219142,12.4569798900506,10.7628989936196,10.2870355028959,10.4681343706572
"38",2007-02-01,-0.2595706,7.91346651689607,14.2514173538884,12.5337525633525,10.7777754471362,10.325303290897,10.4870216324471,2007-02-01,7.80948597859348,1.22623487724107,14.12566160346,12.4809310709212,10.7659699303427,10.295593450561,10.4666612457653
"39",2007-03-01,-0.2595706,7.91346651689607,14.2514173538884,12.5337525633525,10.7777754471362,10.325303290897,10.4870216324471,2007-03-01,7.83184203858353,0.999844739330468,14.1590073525597,12.5018844978926,10.7689310289679,10.3036713478175,10.4666602726204
"40",2007-04-01,-0.2595706,7.91346651689607,14.2514173538884,12.5337525633525,10.7777754471362,10.325303290897,10.4870216324471,2007-04-01,7.85444231074326,0.739691961180591,14.190596466441,12.5198401709647,10.7717822894953,10.3112691946654,10.4681314512225
"41",2007-05-01,-0.2595706,7.91346651689607,14.2514173538884,12.5337525633525,10.7777754471362,10.325303290897,10.4870216324471,2007-05-01,7.87728679507268,0.445776542791429,14.2204289451041,12.5347980901375,10.7745237119248,10.3183869911048,10.4710747815717
"42",2007-06-01,-0.2595706,7.91346651689607,14.2514173538884,12.5337525633525,10.7777754471362,10.325303290897,10.4870216324471,2007-06-01,7.90037549157178,0.118098484162986,14.2485047885487,12.546758255411,10.7771552962566,10.3250247371356,10.4754902636679
"43",2007-07-01,-0.2595706,7.91346651689607,14.2514173538884,12.5337525633525,10.7777754471362,10.325303290897,10.4870216324471,2007-07-01,7.92370840024057,-0.243342214704738,14.2748239967751,12.5557206667853,10.7796770424904,10.3311824327579,10.4813778975111
"44",2007-08-01,-0.2595706,7.91346651689607,14.2514173538884,12.5337525633525,10.7777754471362,10.325303290897,10.4870216324471,2007-08-01,7.94728552107904,-0.638545553811744,14.2993865697831,12.5616853242603,10.7820889506265,10.3368600779716,10.4887376831013
"45",2007-09-01,-0.2595706,7.91346651689607,14.2514173538884,12.5337525633525,10.7777754471362,10.325303290897,10.4870216324471,2007-09-01,7.9711068540872,-1.06751153315803,14.3221925075727,12.5646522278359,10.7843910206648,10.3420576727768,10.4975696204385
"46",2007-10-01,-0.2595706,7.91346651689607,14.2514173538884,12.5337525633525,10.7777754471362,10.325303290897,10.4870216324471,2007-10-01,7.99517239926505,-1.5302401527436,14.3432418101441,12.5646213775124,10.7865832526052,10.3467752171734,10.5078737095228
"47",2007-11-01,-0.2595706,7.91346651689607,14.2514173538884,12.5337525633525,10.7777754471362,10.325303290897,10.4870216324471,2007-11-01,8.01948215661258,-2.02673141256845,14.3625344774971,12.5615927732895,10.7886656464477,10.3510127111615,10.519649950354
"48",2007-12-01,-0.2595706,7.91346651689607,14.2514173538884,12.5337525633525,10.7777754471362,10.325303290897,10.4870216324471,2007-12-01,8.0440361261298,-2.55698531263259,14.3800705096318,12.5555664151673,10.7906382021925,10.354770154741,10.5328983429323
"49",2008-01-01,-2.3056153,8.16164561176352,14.4915306187095,12.5914903872467,10.7887117378934,10.3573598943624,10.5964362133923,2008-01-01,8.06883430781671,-3.121001852936,14.3958499065481,12.5465423031459,10.7925009198394,10.358047547912,10.5476188872576
"50",2008-02-01,-2.3056153,8.16164561176352,14.4915306187095,12.5914903872467,10.7887117378934,10.3573598943624,10.5964362133923,2008-02-01,8.09180401277643,-3.52064870689236,14.4120024795115,12.5414866121127,10.7937747929127,10.3605397669855,10.5609906623107
"51",2008-03-01,-2.3056153,8.16164561176352,14.4915306187095,12.5914903872467,10.7887117378934,10.3573598943624,10.5964362133923,2008-03-01,8.11294524100896,-3.75592587450167,14.4285282285219,12.5403993420676,10.7944598214124,10.3622468119615,10.5730136680916
"52",2008-04-01,-2.3056153,8.16164561176352,14.4915306187095,12.5914903872467,10.7887117378934,10.3573598943624,10.5964362133923,2008-04-01,8.13225799251432,-3.82683335576393,14.4454271535794,12.5432804930108,10.7945560053385,10.36316868284,10.5836879046003
"53",2008-05-01,-2.3056153,8.16164561176352,14.4915306187095,12.5914903872467,10.7887117378934,10.3573598943624,10.5964362133923,2008-05-01,8.14974226729248,-3.73337115067914,14.462699254684,12.5501300649421,10.794063344691,10.363305379621,10.5930133718367
"54",2008-06-01,-2.3056153,8.16164561176352,14.4915306187095,12.5914903872467,10.7887117378934,10.3573598943624,10.5964362133923,2008-06-01,8.16539806534347,-3.47553925924729,14.4803445318356,12.5609480578616,10.79298183947,10.3626569023046,10.6009900698009
"55",2008-07-01,-2.3056153,8.16164561176352,14.4915306187095,12.5914903872467,10.7887117378934,10.3573598943624,10.5964362133923,2008-07-01,8.17922538666727,-3.05333768146839,14.4983629850342,12.5757344717694,10.7913114896753,10.3612232508906,10.6076179984929
"56",2008-08-01,-2.3056153,8.16164561176352,14.4915306187095,12.5914903872467,10.7887117378934,10.3573598943624,10.5964362133923,2008-08-01,8.19122423126388,-2.46676641734244,14.51675461428,12.5944893066653,10.789052295307,10.3590044253792,10.6128971579127
"57",2008-09-01,-2.3056153,8.16164561176352,14.4915306187095,12.5914903872467,10.7887117378934,10.3573598943624,10.5964362133923,2008-09-01,8.20139459913332,-1.71582546686943,14.5355194195727,12.6172125625494,10.7862042563651,10.3560004257703,10.6168275480602
"58",2008-10-01,-2.3056153,8.16164561176352,14.4915306187095,12.5914903872467,10.7887117378934,10.3573598943624,10.5964362133923,2008-10-01,8.20973649027556,-0.800514830049376,14.5546574009126,12.6439042394217,10.7827673728497,10.3522112520639,10.6194091689355
"59",2008-11-01,-2.3056153,8.16164561176352,14.4915306187095,12.5914903872467,10.7887117378934,10.3573598943624,10.5964362133923,2008-11-01,8.21624990469063,0.279165493117735,14.5741685582994,12.6745643372822,10.7787416447606,10.3476369042601,10.6206420205386
"60",2008-12-01,-2.3056153,8.16164561176352,14.4915306187095,12.5914903872467,10.7887117378934,10.3573598943624,10.5964362133923,2008-12-01,8.2209348423785,1.5232155026319,14.5940528917334,12.7091928561309,10.7741270720979,10.3422773823587,10.6205261028695
"61",2009-01-01,5.53112291,8.26326589542474,14.7127811736242,12.9094149914697,10.7600798285697,10.3285588961078,10.6327200793889,2009-01-01,8.2237913033392,2.93163519849311,14.6143104012144,12.7477897959678,10.7689236548617,10.3361326863599,10.6190614159282
"62",2009-02-01,5.53112291,8.26326589542474,14.7127811736242,12.9094149914697,10.7600798285697,10.3285588961078,10.6327200793889,2009-02-01,8.22764485759227,4.12410437900902,14.6340247416155,12.7842612264228,10.7645499565838,10.3310882157208,10.6185078244402
"63",2009-03-01,5.53112291,8.26326589542474,14.7127811736242,12.9094149914697,10.7600798285697,10.3285588961078,10.6327200793889,2009-03-01,8.23249550513772,5.10062304417962,14.6531959129369,12.818607147496,10.7610059772642,10.3271439704416,10.6188653284056
"64",2009-04-01,5.53112291,8.26326589542474,14.7127811736242,12.9094149914697,10.7600798285697,10.3285588961078,10.6327200793889,2009-04-01,8.23834324597555,5.86119119400492,14.6718239151784,12.8508275591873,10.758291716903,10.3242999505221,10.6201339278243
"65",2009-05-01,5.53112291,8.26326589542474,14.7127811736242,12.9094149914697,10.7600798285697,10.3285588961078,10.6327200793889,2009-05-01,8.24518808010575,6.40580882848491,14.6899087483401,12.8809224614968,10.7564071755001,10.3225561559624,10.6223136226963
"66",2009-06-01,5.53112291,8.26326589542474,14.7127811736242,12.9094149914697,10.7600798285697,10.3285588961078,10.6327200793889,2009-06-01,8.25303000752834,6.73447594761959,14.707450412422,12.9088918544243,10.7553523530557,10.3219125867625,10.6254044130217
"67",2009-07-01,5.53112291,8.26326589542474,14.7127811736242,12.9094149914697,10.7600798285697,10.3285588961078,10.6327200793889,2009-07-01,8.2618690282433,6.84719255140897,14.7244489074241,12.9347357379701,10.7551272495695,10.3223692429223,10.6294062988004
"68",2009-08-01,5.53112291,8.26326589542474,14.7127811736242,12.9094149914697,10.7600798285697,10.3285588961078,10.6327200793889,2009-08-01,8.27170514225064,6.74395863985304,14.7409042333464,12.9584541121339,10.7557318650417,10.323926124442,10.6343192800325
"69",2009-09-01,5.53112291,8.26326589542474,14.7127811736242,12.9094149914697,10.7600798285697,10.3285588961078,10.6327200793889,2009-09-01,8.28253834955036,6.4247742129518,14.7568163901888,12.9800469769159,10.7571661994723,10.3265832313214,10.6401433567179
"70",2009-10-01,5.53112291,8.26326589542474,14.7127811736242,12.9094149914697,10.7600798285697,10.3285588961078,10.6327200793889,2009-10-01,8.29436865014245,5.88963927070526,14.7721853779515,12.999514332316,10.7594302528612,10.3303405635606,10.6468785288566
"71",2009-11-01,5.53112291,8.26326589542474,14.7127811736242,12.9094149914697,10.7600798285697,10.3285588961078,10.6327200793889,2009-11-01,8.30719604402692,5.13855381311341,14.7870111966343,13.0168561783343,10.7625240252085,10.3351981211596,10.6545247964487
"72",2009-12-01,5.53112291,8.26326589542474,14.7127811736242,12.9094149914697,10.7600798285697,10.3285588961078,10.6327200793889,2009-12-01,8.32102053120378,4.17151784017626,14.8012938462373,13.0320725149707,10.7664475165141,10.3411559041183,10.6630821594942
"73",2010-01-01,-1.0024012,8.42906730267996,14.8849383285561,13.0999715588782,10.7910966301619,10.3865727746676,10.7174309135577,2010-01-01,8.33584211167301,2.98853135189379,14.8150333267605,13.0451633422252,10.771200726778,10.3482139124369,10.672550617993
"74",2010-02-01,-1.0024012,8.42906730267996,14.8849383285561,13.0999715588782,10.7910966301619,10.3865727746676,10.7174309135577,2010-02-01,8.35115487389438,1.91109003005859,14.8285352349306,13.0575328547981,10.7756918355147,10.3552526123559,10.6817171369318
"75",2010-03-01,-1.0024012,8.42906730267996,14.8849383285561,13.0999715588782,10.7910966301619,10.3865727746676,10.7174309135577,2010-03-01,8.36695881786791,0.939193874670656,14.8417995707476,13.0691810526892,10.779920842724,10.3622720038755,10.6905817163107
"76",2010-04-01,-1.0024012,8.42906730267996,14.8849383285561,13.0999715588782,10.7910966301619,10.3865727746676,10.7174309135577,2010-04-01,8.38325394359357,0.072842885729976,14.8548263342115,13.0801079358987,10.783887748406,10.3692720869956,10.6991443561296
"77",2010-05-01,-1.0024012,8.42906730267996,14.8849383285561,13.0999715588782,10.7910966301619,10.3865727746676,10.7174309135577,2010-05-01,8.40004025107138,-0.68796293676344,14.8676155253223,13.0903135044264,10.7875925525606,10.3762528617161,10.7074050563887
"78",2010-06-01,-1.0024012,8.42906730267996,14.8849383285561,13.0999715588782,10.7910966301619,10.3865727746676,10.7174309135577,2010-06-01,8.41731774030134,-1.3432235928096,14.88016714408,13.0997977582725,10.791035255188,10.3832143280372,10.7153638170877
"79",2010-07-01,-1.0024012,8.42906730267996,14.8849383285561,13.0999715588782,10.7910966301619,10.3865727746676,10.7174309135577,2010-07-01,8.43508641128345,-1.89293908240849,14.8924811904847,13.1085606974369,10.794215856288,10.3901564859587,10.7230206382269
"80",2010-08-01,-1.0024012,8.42906730267996,14.8849383285561,13.0999715588782,10.7910966301619,10.3865727746676,10.7174309135577,2010-08-01,8.4533462640177,-2.33710940556013,14.9045576645362,13.1166023219195,10.7971343558606,10.3970793354808,10.730375519806
"81",2010-09-01,-1.0024012,8.42906730267996,14.8849383285561,13.0999715588782,10.7910966301619,10.3865727746676,10.7174309135577,2010-09-01,8.4720972985041,-2.6757345622645,14.9163965662346,13.1239226317205,10.799790753906,10.4039828766034,10.7374284618253
"82",2010-10-01,-1.0024012,8.42906730267996,14.8849383285561,13.0999715588782,10.7910966301619,10.3865727746676,10.7174309135577,2010-10-01,8.49133951474265,-2.90881455252161,14.92799789558,13.1305216268398,10.802185050424,10.4108671093265,10.7441794642846
"83",2010-11-01,-1.0024012,8.42906730267996,14.8849383285561,13.0999715588782,10.7910966301619,10.3865727746676,10.7174309135577,2010-11-01,8.51107291273333,-3.03634937633146,14.9393616525723,13.1363993072774,10.8043172454146,10.41773203365,10.7506285271839
"84",2010-12-01,-1.0024012,8.42906730267996,14.8849383285561,13.0999715588782,10.7910966301619,10.3865727746676,10.7174309135577,2010-12-01,8.53129749247617,-3.05833903369405,14.9504878372115,13.1415556730333,10.806187338878,10.4245776495741,10.7567756505234
"85",2011-01-01,-1.4024287,8.6396872461094,14.9956026945292,13.1942505331408,10.8199404312638,10.4618210043442,10.7946843488006,2011-01-01,8.55201325397115,-2.97478352460938,14.9613764494975,13.1459907241074,10.807795330814,10.4314039570987,10.7626208343028
"86",2011-02-01,-1.4024287,8.6396872461094,14.9956026945292,13.1942505331408,10.8199404312638,10.4618210043442,10.7946843488006,2011-02-01,8.5716270841619,-2.84453712637882,14.9711883713273,13.1514271889491,10.8095418323221,10.4379312026314,10.7684624518044
"87",2011-03-01,-1.4024287,8.6396872461094,14.9956026945292,13.1942505331408,10.8199404312638,10.4618210043442,10.7946843488006,2011-03-01,8.59013898304842,-2.66759983900237,14.9799236027008,13.1578650675583,10.8114268434023,10.4441593861722,10.7743005030281
"88",2011-04-01,-1.4024287,8.6396872461094,14.9956026945292,13.1942505331408,10.8199404312638,10.4618210043442,10.7946843488006,2011-04-01,8.60754895063071,-2.44397166248004,14.987582143618,13.165304359935,10.8134503640546,10.4500885077212,10.780134987974
"89",2011-05-01,-1.4024287,8.6396872461094,14.9956026945292,13.1942505331408,10.8199404312638,10.4618210043442,10.7946843488006,2011-05-01,8.62385698690876,-2.17365259681181,14.9941639940788,13.1737450660791,10.815612394279,10.4557185672782,10.7859659066419
"90",2011-06-01,-1.4024287,8.6396872461094,14.9956026945292,13.1942505331408,10.8199404312638,10.4618210043442,10.7946843488006,2011-06-01,8.63906309188258,-1.8566426419977,14.9996691540834,13.1831871859908,10.8179129340755,10.4610495648434,10.791793259032
"91",2011-07-01,-1.4024287,8.6396872461094,14.9956026945292,13.1942505331408,10.8199404312638,10.4618210043442,10.7946843488006,2011-07-01,8.65316726555217,-1.49294179803769,15.0040976236317,13.1936307196699,10.8203519834441,10.4660815004167,10.7976170451443
"92",2011-08-01,-1.4024287,8.6396872461094,14.9956026945292,13.1942505331408,10.8199404312638,10.4618210043442,10.7946843488006,2011-08-01,8.66616950791753,-1.0825500649318,15.0074494027236,13.2050756671166,10.8229295423848,10.4708143739982,10.8034372649786
"93",2011-09-01,-1.4024287,8.6396872461094,14.9956026945292,13.1942505331408,10.8199404312638,10.4618210043442,10.7946843488006,2011-09-01,8.67806981897866,-0.625467442680022,15.0097244913593,13.2175220283307,10.8256456108976,10.4752481855877,10.8092539185351
"94",2011-10-01,-1.4024287,8.6396872461094,14.9956026945292,13.1942505331408,10.8199404312638,10.4618210043442,10.7946843488006,2011-10-01,8.68886819873556,-0.121693931282352,15.0109228895386,13.2309698033123,10.8285001889825,10.4793829351854,10.8150670058137
"95",2011-11-01,-1.4024287,8.6396872461094,14.9956026945292,13.1942505331408,10.8199404312638,10.4618210043442,10.7946843488006,2011-11-01,8.69856464718822,0.428770469261206,15.0110445972617,13.2454189920614,10.8314932766394,10.4832186227912,10.8208765268144
"96",2011-12-01,-1.4024287,8.6396872461094,14.9956026945292,13.1942505331408,10.8199404312638,10.4618210043442,10.7946843488006,2011-12-01,8.70715916433665,1.02592575895065,15.0100896145285,13.260869594578,10.8346248738685,10.4867552484051,10.8266824815372
"97",2012-01-01,3.58520353,8.76220437369309,15.0356065740591,13.2608516117968,10.8539234077533,10.5084520795207,10.8031413550008,2012-01-01,8.71465175018085,1.66977193778599,15.0080579413389,13.2773216108621,10.8378949806697,10.4899928120272,10.8324848699822
"98",2012-02-01,3.58520353,8.76220437369309,15.0356065740591,13.2608516117968,10.8539234077533,10.5084520795207,10.8031413550008,2012-02-01,8.72241049272585,2.24540598831166,15.007651002496,13.2892859590919,10.8410829688559,10.4932577603026,10.8357170492763
"99",2012-03-01,3.58520353,8.76220437369309,15.0356065740591,13.2608516117968,10.8539234077533,10.5084520795207,10.8031413550008,2012-03-01,8.73043539197166,2.75282791052766,15.0088687979998,13.2967626392674,10.8441888384272,10.4965500932314,10.8363790194195
"100",2012-04-01,3.58520353,8.76220437369309,15.0356065740591,13.2608516117968,10.8539234077533,10.5084520795207,10.8031413550008,2012-04-01,8.73872644791826,3.19203770443401,15.0117113278504,13.2997516513885,10.8472125893835,10.4998698108136,10.8344707804119
"101",2012-05-01,3.58520353,8.76220437369309,15.0356065740591,13.2608516117968,10.8539234077533,10.5084520795207,10.8031413550008,2012-05-01,8.74728366056566,3.56303537003068,15.0161785920475,13.2982529954553,10.8501542217249,10.5032169130491,10.8299923322535
"102",2012-06-01,3.58520353,8.76220437369309,15.0356065740591,13.2608516117968,10.8539234077533,10.5084520795207,10.8031413550008,2012-06-01,8.75610702991387,3.8658209073177,15.0222705905914,13.2922666714678,10.8530137354513,10.5065913999381,10.8229436749441
"103",2012-07-01,3.58520353,8.76220437369309,15.0356065740591,13.2608516117968,10.8539234077533,10.5084520795207,10.8031413550008,2012-07-01,8.76519655596287,4.10039431629504,15.029987323482,13.281792679426,10.8557911305628,10.5099932714804,10.813324808484
"104",2012-08-01,3.58520353,8.76220437369309,15.0356065740591,13.2608516117968,10.8539234077533,10.5084520795207,10.8031413550008,2012-08-01,8.77455223871267,4.26675559696273,15.0393287907192,13.2668310193299,10.8584864070594,10.5134225276761,10.8011357328729
"105",2012-09-01,3.58520353,8.76220437369309,15.0356065740591,13.2608516117968,10.8539234077533,10.5084520795207,10.8031413550008,2012-09-01,8.78417407816329,4.36490474932074,15.0502949923031,13.2473816911794,10.861099564941,10.5168791685251,10.786376448111
"106",2012-10-01,3.58520353,8.76220437369309,15.0356065740591,13.2608516117968,10.8539234077533,10.5084520795207,10.8031413550008,2012-10-01,8.7940620743147,4.3948417733691,15.0628859282337,13.2234446949747,10.8636306042077,10.5203631940276,10.7690469541983
"107",2012-11-01,3.58520353,8.76220437369309,15.0356065740591,13.2608516117968,10.8539234077533,10.5084520795207,10.8031413550008,2012-11-01,8.8042162271669,4.35656666910779,15.077101598511,13.1950200307156,10.8660795248594,10.5238746041834,10.7491472511347
"108",2012-12-01,3.58520353,8.76220437369309,15.0356065740591,13.2608516117968,10.8539234077533,10.5084520795207,10.8031413550008,2012-12-01,8.81463653671991,4.25007943653681,15.092942003135,13.1621076984022,10.8684463268962,10.5274133989926,10.7266773389202
"109",2013-01-01,3.75538706,8.8755706053302,15.1714406208204,13.0136838504453,10.8848898413315,10.5514635026794,10.6197347611234,2013-01-01,8.82532300297373,4.07538007565617,15.1104071421057,13.1247076980344,10.870731010318,10.5309795784552,10.7016372175549
"110",2013-02-01,3.75538706,8.8755706053302,15.1714406208204,13.0136838504453,10.8848898413315,10.5514635026794,10.6197347611234,2013-02-01,8.83565165263846,3.92756967152465,15.1264027096515,13.0912801237268,10.8730825359297,10.5345822587784,10.678939119032
"111",2013-03-01,3.75538706,8.8755706053302,15.1714406208204,13.0136838504453,10.8848898413315,10.5514635026794,10.6197347611234,2013-03-01,8.84562248571414,3.80664822414225,15.1409287057726,13.0618249754794,10.8755009037314,10.5382214399624,10.6585830433515
"112",2013-04-01,3.75538706,8.8755706053302,15.1714406208204,13.0136838504453,10.8848898413315,10.5514635026794,10.6197347611234,2013-04-01,8.85523550220073,3.71261573350896,15.153985130469,13.0363422532921,10.8779861137231,10.5418971220071,10.6405689905135
"113",2013-05-01,3.75538706,8.8755706053302,15.1714406208204,13.0136838504453,10.8848898413315,10.5514635026794,10.6197347611234,2013-05-01,8.86449070209826,3.6454721996248,15.1655719837405,13.0148319571649,10.8805381659046,10.5456093049125,10.6248969605179
"114",2013-06-01,3.75538706,8.8755706053302,15.1714406208204,13.0136838504453,10.8848898413315,10.5514635026794,10.6197347611234,2013-06-01,8.87338808540671,3.60521762248975,15.1756892655872,12.9972940870979,10.8831570602761,10.5493579886785,10.6115669533647
"115",2013-07-01,3.75538706,8.8755706053302,15.1714406208204,13.0136838504453,10.8848898413315,10.5514635026794,10.6197347611234,2013-07-01,8.8819276521261,3.59185200210382,15.1843369760092,12.983728643091,10.8858427968375,10.5531431733053,10.6005789690539
"116",2013-08-01,3.75538706,8.8755706053302,15.1714406208204,13.0136838504453,10.8848898413315,10.5514635026794,10.6197347611234,2013-08-01,8.89010940225641,3.605375338467,15.1915151150064,12.9741356251442,10.8885953755889,10.5569648587928,10.5919330075855
"117",2013-09-01,3.75538706,8.8755706053302,15.1714406208204,13.0136838504453,10.8848898413315,10.5514635026794,10.6197347611234,2013-09-01,8.89793333579765,3.64578763157931,15.1972236825788,12.9685150332576,10.8914147965302,10.560823045141,10.5856290689595
"118",2013-10-01,3.75538706,8.8755706053302,15.1714406208204,13.0136838504453,10.8848898413315,10.5514635026794,10.6197347611234,2013-10-01,8.90539945274982,3.71308888144074,15.2014626787265,12.9668668674311,10.8943010596614,10.5647177323498,10.581667153176
"119",2013-11-01,3.75538706,8.8755706053302,15.1714406208204,13.0136838504453,10.8848898413315,10.5514635026794,10.6197347611234,2013-11-01,8.91250775311292,3.80727908805128,15.2042321034493,12.9691911276648,10.8972541649825,10.5686489204194,10.5800472602349
"120",2013-12-01,3.75538706,8.8755706053302,15.1714406208204,13.0136838504453,10.8848898413315,10.5514635026794,10.6197347611234,2013-12-01,8.91925823688695,3.92835825141094,15.2055319567474,12.9754878139586,10.9002741124936,10.5726166093497,10.5807693901362
"121",2014-01-01,4.52230843,8.95861625978628,15.1764971887391,12.981758313815,10.9198736695628,10.6012566107453,10.559004799981,2014-01-01,8.92565090407191,4.07632637151972,15.2053622386207,12.9857569263125,10.9033609021946,10.5766207991407,10.58383354288
"122",2014-02-01,4.52230843,8.95861625978628,15.1764971887391,12.981758313815,10.9198736695628,10.6012566107453,10.559004799981,2014-02-01,8.93195150214625,4.20886053629487,15.2040205652414,12.9934884695569,10.9064281991969,10.5807346155507,10.5851488180157
"123",2014-03-01,4.52230843,8.95861625978628,15.1764971887391,12.981758313815,10.9198736695628,10.6012566107453,10.559004799981,2014-03-01,8.93816003110998,4.32596074573641,15.2015069366097,12.9986824436917,10.9094760035003,10.5849580585798,10.5847152155436
"124",2014-04-01,4.52230843,8.95861625978628,15.1764971887391,12.981758313815,10.9198736695628,10.6012566107453,10.559004799981,2014-04-01,8.9442764909631,4.42762699984432,15.1978213527255,13.001338848717,10.912504315105,10.5892911282279,10.5825327354635
"125",2014-05-01,4.52230843,8.95861625978628,15.1764971887391,12.981758313815,10.9198736695628,10.6012566107453,10.559004799981,2014-05-01,8.95030088170561,4.5138592986186,15.1929638135888,13.0014576846328,10.9155131340109,10.5937338244951,10.5786013777754
"126",2014-06-01,4.52230843,8.95861625978628,15.1764971887391,12.981758313815,10.9198736695628,10.6012566107453,10.559004799981,2014-06-01,8.95623320333751,4.58465764205927,15.1869343191995,12.999038951439,10.9185024602181,10.5982861473814,10.5729211424794
"127",2014-07-01,4.52230843,8.95861625978628,15.1764971887391,12.981758313815,10.9198736695628,10.6012566107453,10.559004799981,2014-07-01,8.96207345585879,4.64002203016631,15.1797328695578,12.9940826491356,10.9214722937265,10.6029480968867,10.5654920295754
"128",2014-08-01,4.52230843,8.95861625978628,15.1764971887391,12.981758313815,10.9198736695628,10.6012566107453,10.559004799981,2014-08-01,8.96782163926946,4.67995246293973,15.1713594646635,12.9865887777227,10.924422634536,10.6077196730111,10.5563140390634
"129",2014-09-01,4.52230843,8.95861625978628,15.1764971887391,12.981758313815,10.9198736695628,10.6012566107453,10.559004799981,2014-09-01,8.97347775356951,4.70444894037952,15.1618141045168,12.9765573372003,10.9273534826469,10.6126008757546,10.5453871709436
"130",2014-10-01,4.52230843,8.95861625978628,15.1764971887391,12.981758313815,10.9198736695628,10.6012566107453,10.559004799981,2014-10-01,8.97904179875895,4.71351146248569,15.1510967891175,12.9639883275683,10.9302648380589,10.6175917051171,10.5327114252157
"131",2014-11-01,4.52230843,8.95861625978628,15.1764971887391,12.981758313815,10.9198736695628,10.6012566107453,10.559004799981,2014-11-01,8.98451377483779,4.70714002925824,15.1392075184658,12.9488817488267,10.9331567007722,10.6226921610986,10.5182868018799
"132",2014-12-01,4.52230843,8.95861625978628,15.1764971887391,12.981758313815,10.9198736695628,10.6012566107453,10.559004799981,2014-12-01,8.98989368180601,4.68533464069716,15.1261462925615,12.9312376009756,10.9360290707867,10.6279022436993,10.5021133009362
"133",2015-01-01,4.35307225,9.00875427988858,15.0408299041626,12.8576905439231,10.950928048207,10.6531415235645,10.4632650988165,2015-01-01,8.99518151966361,4.64809529680247,15.1119131114047,12.911055884015,10.9388819481024,10.6332219529189,10.4841909223845
"134",2015-02-01,4.35307225,9.00875427988858,15.0408299041626,12.8576905439231,10.950928048207,10.6531415235645,10.4632650988165,2015-02-01,8.99981857368939,4.60707105827637,15.0979819983229,12.8932923811743,10.9415818998882,10.638149823115,10.4695264707615
"135",2015-03-01,4.35307225,9.00875427988858,15.0408299041626,12.8576905439231,10.950928048207,10.6531415235645,10.4632650988165,2015-03-01,9.00380484388334,4.56226192511888,15.0843529533161,12.8779470924535,10.9441289261439,10.6426858542875,10.4581199460671
"136",2015-04-01,4.35307225,9.00875427988858,15.0408299041626,12.8576905439231,10.950928048207,10.6531415235645,10.4632650988165,2015-04-01,9.00714033024546,4.51366789732999,15.0710259763842,12.8650200178526,10.9465230268696,10.6468300464363,10.4499713483014
"137",2015-05-01,4.35307225,9.00875427988858,15.0408299041626,12.8576905439231,10.950928048207,10.6531415235645,10.4632650988165,2015-05-01,9.00982503277576,4.4612889749097,15.0580010675273,12.8545111573717,10.9487642020652,10.6505823995616,10.4450806774643
"138",2015-06-01,4.35307225,9.00875427988858,15.0408299041626,12.8576905439231,10.950928048207,10.6531415235645,10.4632650988165,2015-06-01,9.01185895147422,4.40512515785801,15.0452782267454,12.8464205110107,10.9508524517309,10.6539429136632,10.4434479335559
"139",2015-07-01,4.35307225,9.00875427988858,15.0408299041626,12.8576905439231,10.950928048207,10.6531415235645,10.4632650988165,2015-07-01,9.01324208634086,4.34517644617493,15.0328574540384,12.8407480787696,10.9527877758666,10.6569115887412,10.4450731165761
"140",2015-08-01,4.35307225,9.00875427988858,15.0408299041626,12.8576905439231,10.950928048207,10.6531415235645,10.4632650988165,2015-08-01,9.01397443737567,4.28144283986045,15.0207387494064,12.8374938606485,10.9545701744722,10.6594884247956,10.449956226525
"141",2015-09-01,4.35307225,9.00875427988858,15.0408299041626,12.8576905439231,10.950928048207,10.6531415235645,10.4632650988165,2015-09-01,9.01405600457865,4.21392433891457,15.0089221128494,12.8366578566473,10.9561996475478,10.6616734218264,10.4580972634026
"142",2015-10-01,4.35307225,9.00875427988858,15.0408299041626,12.8576905439231,10.950928048207,10.6531415235645,10.4632650988165,2015-10-01,9.0134867879498,4.1426209433373,14.9974075443673,12.838240066766,10.9576761950934,10.6634665798336,10.4694962272088
"143",2015-11-01,4.35307225,9.00875427988858,15.0408299041626,12.8576905439231,10.950928048207,10.6531415235645,10.4632650988165,2015-11-01,9.01226678748912,4.06753265312862,14.9861950439602,12.8422404910046,10.958999817109,10.6648678988172,10.4841531179437
"144",2015-12-01,4.35307225,9.00875427988858,15.0408299041626,12.8576905439231,10.950928048207,10.6531415235645,10.4632650988165,2015-12-01,9.01039600319661,3.98865946828855,14.9752846116281,12.8486591293632,10.9601705135946,10.6658773787772,10.5020679356072
"145",2016-01-01,2.90181539,9.01459917322276,14.9461570360939,12.9139666273462,10.9712917240604,10.6802450078891,10.5818110024974,2016-01-01,9.00787443507228,3.90600138881709,14.964676247371,12.8574959818417,10.9611882845502,10.6664950197135,10.5232406801994
"146",2016-02-01,2.90181539,9.01459917322276,14.9461570360939,12.9139666273462,10.9712917240604,10.6802450078891,10.5818110024974,2016-02-01,9.00621692412981,3.80028457249007,14.9557389373294,12.8666629583848,10.9623951058241,10.6675470507069,10.5419849028492
"147",2016-03-01,2.90181539,9.01459917322276,14.9461570360939,12.9139666273462,10.9712917240604,10.6802450078891,10.5818110024974,2016-03-01,9.00542347036918,3.67150901930749,14.9484726815033,12.8761600589925,10.9637909774164,10.6690334717573,10.5583006035567
"148",2016-04-01,2.90181539,9.01459917322276,14.9461570360939,12.9139666273462,10.9712917240604,10.6802450078891,10.5818110024974,2016-04-01,9.00549407379042,3.51967472926936,14.9428774798928,12.8859872836647,10.9653758993271,10.6709542828647,10.5721877823219
"149",2016-05-01,2.90181539,9.01459917322276,14.9461570360939,12.9139666273462,10.9712917240604,10.6802450078891,10.5818110024974,2016-05-01,9.00642873439352,3.34478170237568,14.9389533324978,12.8961446324016,10.9671498715562,10.6733094840291,10.5836464391447
"150",2016-06-01,2.90181539,9.01459917322276,14.9461570360939,12.9139666273462,10.9712917240604,10.6802450078891,10.5818110024974,2016-06-01,9.00822745217848,3.14682993862644,14.9367002393184,12.9066321052031,10.9691128941036,10.6760990752506,10.5926765740252
"151",2016-07-01,2.90181539,9.01459917322276,14.9461570360939,12.9139666273462,10.9712917240604,10.6802450078891,10.5818110024974,2016-07-01,9.01089022714529,2.92581943802165,14.9361182003546,12.9174497020691,10.9712649669694,10.679323056529,10.5992781869634
"152",2016-08-01,2.90181539,9.01459917322276,14.9461570360939,12.9139666273462,10.9712917240604,10.6802450078891,10.5818110024974,2016-08-01,9.01441705929396,2.6817502005613,14.9372072156062,12.9285974229997,10.9736060901536,10.6829814278645,10.6034512779593
"153",2016-09-01,2.90181539,9.01459917322276,14.9461570360939,12.9139666273462,10.9712917240604,10.6802450078891,10.5818110024974,2016-09-01,9.01880794862448,2.4146222262454,14.9399672850735,12.9400752679949,10.9761362636561,10.687074189257,10.6051958470128
"154",2016-10-01,2.90181539,9.01459917322276,14.9461570360939,12.9139666273462,10.9712917240604,10.6802450078891,10.5818110024974,2016-10-01,9.02406289513686,2.12443551507395,14.9443984087563,12.9518832370548,10.978855487477,10.6916013407065,10.604511894124
"155",2016-11-01,2.90181539,9.01459917322276,14.9461570360939,12.9139666273462,10.9712917240604,10.6802450078891,10.5818110024974,2016-11-01,9.03018189883111,1.81119006704694,14.9505005866546,12.9640213301792,10.9817637616163,10.696562882213,10.6013994192928
"156",2016-12-01,2.90181539,9.01459917322276,14.9461570360939,12.9139666273462,10.9712917240604,10.6802450078891,10.5818110024974,2016-12-01,9.0371649597072,1.47488588216438,14.9582738187685,12.9764895473682,10.984861086074,10.7019588137765,10.5958584225193
"157",2017-01-01,0.11255397,9.09719698150103,14.989750161471,13.0198549316286,11.0069709248564,10.7369544546661,10.5688343075038,2017-01-01,9.04501207776516,1.11552296042627,14.9677181050979,12.9892878886217,10.98814746085,10.7077891353971,10.5878889038035
"158",2017-02-01,0.11255397,9.09719698150103,14.989750161471,13.0198549316286,11.0069709248564,10.7369544546661,10.5688343075038,2017-02-01,9.05323789880565,0.797007328721718,14.9759073626816,13.0004152997821,10.9914652371396,10.7134977178717,10.5809590112403
"159",2017-03-01,0.11255397,9.09719698150103,14.989750161471,13.0198549316286,11.0069709248564,10.7369544546661,10.5688343075038,2017-03-01,9.06184242282868,0.519338987050737,14.9828415915197,13.0098717808493,10.9948144149426,10.7190845612004,10.5750687448297
"160",2017-04-01,0.11255397,9.09719698150103,14.989750161471,13.0198549316286,11.0069709248564,10.7369544546661,10.5688343075038,2017-04-01,9.07082564983424,0.28251793541332,14.9885207916121,13.0176573318233,10.9981949942591,10.7245496653833,10.5702181045717
"161",2017-05-01,0.11255397,9.09719698150103,14.989750161471,13.0198549316286,11.0069709248564,10.7369544546661,10.5688343075038,2017-05-01,9.08018757982233,0.0865441738094713,14.9929449629587,13.0237719527041,11.001606975089,10.7298930304202,10.5664070904664
"162",2017-06-01,0.11255397,9.09719698150103,14.989750161471,13.0198549316286,11.0069709248564,10.7369544546661,10.5688343075038,2017-06-01,9.08992821279296,-0.0685822977608105,14.9961141055597,13.0282156434917,11.0050503574325,10.7351146563112,10.5636357025136
"163",2017-07-01,0.11255397,9.09719698150103,14.989750161471,13.0198549316286,11.0069709248564,10.7369544546661,10.5688343075038,2017-07-01,9.10004754874612,-0.182861479297527,14.998028219415,13.030988404186,11.0085251412895,10.7402145430564,10.5619039407134
"164",2017-08-01,0.11255397,9.09719698150103,14.989750161471,13.0198549316286,11.0069709248564,10.7369544546661,10.5688343075038,2017-08-01,9.11054558768181,-0.256293370800676,14.9986873045246,13.0320902347872,11.0120313266599,10.7451926906556,10.5612118050659
"165",2017-09-01,0.11255397,9.09719698150103,14.989750161471,13.0198549316286,11.0069709248564,10.7369544546661,10.5688343075038,2017-09-01,9.12142232960004,-0.28887797227026,14.9980913608886,13.0315211352952,11.0155689135438,10.7500490991089,10.5615592955709
"166",2017-10-01,0.11255397,9.09719698150103,14.989750161471,13.0198549316286,11.0069709248564,10.7369544546661,10.5688343075038,2017-10-01,9.1326777745008,-0.280615283706277,14.9962403885068,13.02928110571,11.0191379019412,10.7547837684163,10.5629464122286
"167",2017-11-01,0.11255397,9.09719698150103,14.989750161471,13.0198549316286,11.0069709248564,10.7369544546661,10.5688343075038,2017-11-01,9.14431192238409,-0.231505305108728,14.9931343873794,13.0253701460316,11.0227382918521,10.7593966985779,10.5653731550389
"168",2017-12-01,0.11255397,9.09719698150103,14.989750161471,13.0198549316286,11.0069709248564,10.7369544546661,10.5688343075038,2017-12-01,9.15632477324992,-0.141548036477611,14.9887733575062,13.01978825626,11.0263700832765,10.7638878895935,10.5688395240018
"169",2018-01-01,0.82150187,9.21437820892923,14.9686793159484,13.0167963711589,11.053510030426,10.7853946441348,10.5928859903319,2018-01-01,9.16871632709828,-0.010743477812928,14.9831572988874,13.0125354363952,11.0300332762144,10.7682573414632,10.5733455191173
"170",2018-02-01,0.82150187,9.21437820892923,14.9686793159484,13.0167963711589,11.053510030426,10.7853946441348,10.5928859903319,2018-02-01,9.18016417475077,0.124794798690516,14.9782297859804,13.0071351246711,11.0338361555741,10.7723375059506,10.5776315491172
"171",2018-03-01,0.82150187,9.21437820892923,14.9686793159484,13.0167963711589,11.053510030426,10.7853946441348,10.5928859903319,2018-03-01,9.19066831620737,0.265066793032721,14.9739908187852,13.0035873210877,11.0377787213556,10.7761283830557,10.5816976140016
"172",2018-04-01,0.82150187,9.21437820892923,14.9686793159484,13.0167963711589,11.053510030426,10.7853946441348,10.5928859903319,2018-04-01,9.2002287514681,0.41007250521369,14.9704403973017,13.001892025645,11.0418609735589,10.7796299727784,10.5855437137705
"173",2018-05-01,0.82150187,9.21437820892923,14.9686793159484,13.0167963711589,11.053510030426,10.7853946441348,10.5928859903319,2018-05-01,9.20884548053295,0.559811935233419,14.9675785215301,13.002049238343,11.046082912184,10.7828422751189,10.5891698484237
"174",2018-06-01,0.82150187,9.21437820892923,14.9686793159484,13.0167963711589,11.053510030426,10.7853946441348,10.5928859903319,2018-06-01,9.21651850340192,0.71428508309191,14.9654051914702,13.0040589591817,11.050444537231,10.785765290077,10.5925760179615
"175",2018-07-01,0.82150187,9.21437820892923,14.9686793159484,13.0167963711589,11.053510030426,10.7853946441348,10.5928859903319,2018-07-01,9.22324782007502,0.873491948789161,14.9639204071222,13.0079211881611,11.0549458486997,10.7883990176528,10.5957622223837
"176",2018-08-01,0.82150187,9.21437820892923,14.9686793159484,13.0167963711589,11.053510030426,10.7853946441348,10.5928859903319,2018-08-01,9.22903343055224,1.03743253232518,14.9631241684859,13.0136359252812,11.0595868465903,10.7907434578463,10.5987284616903
"177",2018-09-01,0.82150187,9.21437820892923,14.9686793159484,13.0167963711589,11.053510030426,10.7853946441348,10.5928859903319,2018-09-01,9.23387533483357,1.20610683369995,14.9630164755614,13.021203170542,11.0643675309027,10.7927986106575,10.6014747358814
"178",2018-10-01,0.82150187,9.21437820892923,14.9686793159484,13.0167963711589,11.053510030426,10.7853946441348,10.5928859903319,2018-10-01,9.23777353291903,1.37951485291349,14.9635973283487,13.0306229239435,11.0692879016369,10.7945644760863,10.6040010449569
"179",2018-11-01,0.82150187,9.21437820892923,14.9686793159484,13.0167963711589,11.053510030426,10.7853946441348,10.5928859903319,2018-11-01,9.24072802480862,1.55765658996579,14.9648667268478,13.0418951854858,11.0743479587929,10.7960410541329,10.6063073889169
"180",2018-12-01,0.82150187,9.21437820892923,14.9686793159484,13.0167963711589,11.053510030426,10.7853946441348,10.5928859903319,2018-12-01,9.24273881050232,1.74053204485685,14.9668246710587,13.0550199551687,11.0795477023708,10.7972283447971,10.6083937677613
"181",2019-01-01,3.02438482,9.24323883405901,14.9857904509968,13.1552188433074,11.0907411668833,10.784730876492,10.6102409226517,2019-01-01,9.24380589000015,1.92814121758667,14.9694711609814,13.0699972329923,11.0848871323705,10.798126348079,10.6102601814902
"182",2019-02-01,3.02438482,9.24323883405901,14.9857904509968,13.1552188433074,11.0907411668833,10.784730876492,10.6102409226517,2019-02-01,9.24460292782612,2.11845220090667,14.9721916479156,13.0850939478349,11.0892400100421,10.7982550720754,10.6116950762954
"183",2019-03-01,3.02438482,9.24323883405901,14.9857904509968,13.1552188433074,11.0907411668833,10.784730876492,10.6102409226517,2019-03-01,9.24512992398023,2.31146499481685,14.9749861318613,13.1003100996964,11.0926063353856,10.7976145167864,10.612698452177
"184",2019-04-01,3.02438482,9.24323883405901,14.9857904509968,13.1552188433074,11.0907411668833,10.784730876492,10.6102409226517,2019-04-01,9.24538687846249,2.50717959931721,14.9778546128184,13.1156456885769,11.0949861084011,10.7962046822118,10.6132703091349
"185",2019-05-01,3.02438482,9.24323883405901,14.9857904509968,13.1552188433074,11.0907411668833,10.784730876492,10.6102409226517,2019-05-01,9.24537379127289,2.70559601440775,14.9807970907871,13.1311007144764,11.0963793290885,10.7940255683517,10.6134106471691
"186",2019-06-01,3.02438482,9.24323883405901,14.9857904509968,13.1552188433074,11.0907411668833,10.784730876492,10.6102409226517,2019-06-01,9.24509066241144,2.90671424008847,14.9838135657672,13.1466751773948,11.0967859974479,10.7910771752062,10.6131194662796
"187",2019-07-01,3.02438482,9.24323883405901,14.9857904509968,13.1552188433074,11.0907411668833,10.784730876492,10.6102409226517,2019-07-01,9.24453749187813,3.11053427635937,14.9869040377589,13.1623690773321,11.0962061134792,10.7873595027751,10.6123967664665
"188",2019-08-01,3.02438482,9.24323883405901,14.9857904509968,13.1552188433074,11.0907411668833,10.784730876492,10.6102409226517,2019-08-01,9.24371427967296,3.31705612322045,14.990068506762,13.1781824142885,11.0946396771825,10.7828725510586,10.6112425477297
"189",2019-09-01,3.02438482,9.24323883405901,14.9857904509968,13.1552188433074,11.0907411668833,10.784730876492,10.6102409226517,2019-09-01,9.24262102579594,3.52627978067171,14.9933069727766,13.1941151882637,11.0920866885576,10.7776163200566,10.6096568100692
"190",2019-10-01,3.02438482,9.24323883405901,14.9857904509968,13.1552188433074,11.0907411668833,10.784730876492,10.6102409226517,2019-10-01,9.24125773024706,3.73820524871315,14.9966194358027,13.210167399258,11.0885471476048,10.771590809769,10.6076395534851
"191",2019-11-01,3.02438482,9.24323883405901,14.9857904509968,13.1552188433074,11.0907411668833,10.784730876492,10.6102409226517,2019-11-01,9.23962439302633,3.95283252734476,15.0000058958403,13.2263390472711,11.0840210543238,10.764796020196,10.6051907779773
"192",2019-12-01,3.02438482,9.24323883405901,14.9857904509968,13.1552188433074,11.0907411668833,10.784730876492,10.6102409226517,2019-12-01,9.23772101413374,4.17016161656656,15.0034663528894,13.2426301323033,11.0785084087148,10.7572319513375,10.6023104835459
"193",2020-01-01,3.8386012,9.27758014768832,15.0266300265705,13.3508839909151,11.0737105453974,10.7460468321333,10.6006234177067,2020-01-01,9.23554759356929,4.39019251637853,15.00700080695,13.2590406543544,11.0720092107778,10.7488986031935,10.5989986701907
"194",2020-02-01,3.8386012,9.27758014768832,15.0266300265705,13.3508839909151,11.0737105453974,10.7460468321333,10.6006234177067,2020-02-01,9.23563933526597,4.53630336309914,15.0105432213862,13.2755176994242,11.0670812124186,10.7423686806607,10.5965192926805
"195",2020-03-01,3.8386012,9.27758014768832,15.0266300265705,13.3508839909151,11.0737105453974,10.7460468321333,10.6006234177067,2020-03-01,9.23799623922377,4.60849415672836,15.0140935961982,13.2920612675127,11.0637244136374,10.7376421837389,10.5948723510151
"196",2020-04-01,3.8386012,9.27758014768832,15.0266300265705,13.3508839909151,11.0737105453974,10.7460468321333,10.6006234177067,2020-04-01,9.2426183054427,4.60676489726622,15.0176519313859,13.30867135862,11.0619388144341,10.7347191124283,10.5940578451945
"197",2020-05-01,3.8386012,9.27758014768832,15.0266300265705,13.3508839909151,11.0737105453974,10.7460468321333,10.6006234177067,2020-05-01,9.24950553392274,4.5311155847127,15.0212182269492,13.325347972746,11.0617244148086,10.7335994667287,10.5940757752188
"198",2020-06-01,3.8386012,9.27758014768832,15.0266300265705,13.3508839909151,11.0737105453974,10.7460468321333,10.6006234177067,2020-06-01,9.25865792466391,4.3815462190678,15.0247924828882,13.3420911098907,11.0630812147611,10.7342832466403,10.5949261410879
"199",2020-07-01,3.8386012,9.27758014768832,15.0266300265705,13.3508839909151,11.0737105453974,10.7460468321333,10.6006234177067,2020-07-01,9.2700754776662,4.15805680033153,15.028374699203,13.3589007700542,11.0660092142914,10.7367704521631,10.596608942802
"200",2020-08-01,3.8386012,9.27758014768832,15.0266300265705,13.3508839909151,11.0737105453974,10.7460468321333,10.6006234177067,2020-08-01,9.28375819292961,3.86064732850389,15.0319648758934,13.3757769532363,11.0705084133997,10.7410610832969,10.5991241803608
"201",2020-09-01,3.8386012,9.27758014768832,15.0266300265705,13.3508839909151,11.0737105453974,10.7460468321333,10.6006234177067,2020-09-01,9.29970607045415,3.48931780358487,15.0355630129595,13.3927196594372,11.0765788120858,10.7471551400419,10.6024718537645
"202",2020-10-01,3.8386012,9.27758014768832,15.0266300265705,13.3508839909151,11.0737105453974,10.7460468321333,10.6006234177067,2020-10-01,9.31791911023981,3.04406822557448,15.0391691104013,13.4097288886568,11.0842204103499,10.7550526223979,10.6066519630131
"203",2020-11-01,3.8386012,9.27758014768832,15.0266300265705,13.3508839909151,11.0737105453974,10.7460468321333,10.6006234177067,2020-11-01,9.33839731228659,2.52489859447271,15.0427831682188,13.4268046408952,11.0934332081919,10.7647535303652,10.6116645081065
"204",2020-12-01,3.8386012,9.27758014768832,15.0266300265705,13.3508839909151,11.0737105453974,10.7460468321333,10.6006234177067,2020-12-01,9.36114067659449,1.93180891027957,15.046405186412,13.4439469161522,11.1042172056117,10.7762578639435,10.6175094890448
"205",2021-01-01,-0.1935171,9.46323944404566,15.0474675452641,13.4816480783261,11.1736912435783,10.8167450287381,10.6005069264694,2021-01-01,9.38614920316352,1.26479917299505,15.0500351649809,13.461155714428,11.1165724026095,10.7895656231329,10.6241869058279
"206",2021-02-01,-0.1935171,9.46323944404566,15.0474675452641,13.4816480783261,11.1736912435783,10.8167450287381,10.6005069264694,2021-02-01,9.40862108685503,0.690526664328847,15.0527197238919,13.4752530710275,11.128472995026,10.8009427556117,10.628329814709
"207",2021-03-01,-0.1935171,9.46323944404566,15.0474675452641,13.4816480783261,11.1736912435783,10.8167450287381,10.6005069264694,2021-03-01,9.42855632766902,0.208991384280955,15.054458863145,13.4862389859506,11.1399189828614,10.8103892613799,10.629938215688
"208",2021-04-01,-0.1935171,9.46323944404566,15.0474675452641,13.4816480783261,11.1736912435783,10.8167450287381,10.6005069264694,2021-04-01,9.44595492560548,-0.179806667148627,15.0552525827403,13.4941134591975,11.1509103661155,10.8179051404374,10.6290121087649
"209",2021-05-01,-0.1935171,9.46323944404566,15.0474675452641,13.4816480783261,11.1736912435783,10.8167450287381,10.6005069264694,2021-05-01,9.46081688066443,-0.475867489959897,15.0551008826778,13.498876490768,11.1614471447884,10.8234903927843,10.6255514939398
"210",2021-06-01,-0.1935171,9.46323944404566,15.0474675452641,13.4816480783261,11.1736912435783,10.8167450287381,10.6005069264694,2021-06-01,9.47314219284585,-0.679191084152855,15.0540037629573,13.5005280806622,11.1715293188801,10.8271450184206,10.6195563712127
"211",2021-07-01,-0.1935171,9.46323944404566,15.0474675452641,13.4816480783261,11.1736912435783,10.8167450287381,10.6005069264694,2021-07-01,9.48293086214976,-0.789777449727503,15.051961223579,13.4990682288802,11.1811568883906,10.8288690173462,10.6110267405834
"212",2021-08-01,-0.1935171,9.46323944404566,15.0474675452641,13.4816480783261,11.1736912435783,10.8167450287381,10.6005069264694,2021-08-01,9.49018288857614,-0.807626586683839,15.0489732645429,13.4944969354218,11.1903298533198,10.8286623895612,10.5999626020521
"213",2021-09-01,-0.1935171,9.46323944404566,15.0474675452641,13.4816480783261,11.1736912435783,10.8167450287381,10.6005069264694,2021-09-01,9.494898272125,-0.732738495021863,15.0450398858489,13.486814200287,11.1990482136679,10.8265251350656,10.5863639556187
"214",2021-10-01,-0.1935171,9.46323944404566,15.0474675452641,13.4816480783261,11.1736912435783,10.8167450287381,10.6005069264694,2021-10-01,9.49707701279634,-0.565113174741577,15.040161087497,13.476020023476,11.2073119694347,10.8224572538593,10.5702308012833
"215",2021-11-01,-0.1935171,9.46323944404566,15.0474675452641,13.4816480783261,11.1736912435783,10.8167450287381,10.6005069264694,2021-11-01,9.49671911059016,-0.304750625842978,15.0343368694872,13.4621144049887,11.2151211206204,10.8164587459423,10.5515631390458
"216",2021-12-01,-0.1935171,9.46323944404566,15.0474675452641,13.4816480783261,11.1736912435783,10.8167450287381,10.6005069264694,2021-12-01,9.49382456550646,0.0483491516739323,15.0275672318196,13.445097344825,11.2224756672248,10.8085296113148,10.5303609689063
"217",2022-01-01,2.48107608,9.47025324963332,15.0115034310067,13.4682825876625,11.2619146663035,10.7789416439494,10.436468445729,2022-01-01,9.48839337754524,0.494186157809153,15.0198521744942,13.4249688429851,11.229375609248,10.7986698499766,10.5066242908647
"218",2022-02-01,2.48107608,9.47025324963332,15.0115034310067,13.4682825876625,11.2619146663035,10.7789416439494,10.436468445729,2022-02-01,9.48345441640394,0.920503711711385,15.0135672180835,13.4113027399478,11.2360485320793,10.7902576612817,10.4854217058619
"219",2022-03-01,2.48107608,9.47025324963332,15.0115034310067,13.4682825876625,11.2619146663035,10.7789416439494,10.436468445729,2022-03-01,9.47900768208256,1.32730181338063,15.0087123625876,13.4040990357132,11.2424944357188,10.7832930452302,10.466753213898
"220",2022-04-01,2.48107608,9.47025324963332,15.0115034310067,13.4682825876625,11.2619146663035,10.7789416439494,10.436468445729,2022-04-01,9.4750531745811,1.71458046281689,15.0052876080065,13.4033577302812,11.2487133201665,10.777776001822,10.450618814973
"221",2022-05-01,2.48107608,9.47025324963332,15.0115034310067,13.4682825876625,11.2619146663035,10.7789416439494,10.436468445729,2022-05-01,9.47159089389955,2.08233966002015,15.0032929543402,13.409078823652,11.2547051854224,10.7737065310572,10.4370185090869
"222",2022-06-01,2.48107608,9.47025324963332,15.0115034310067,13.4682825876625,11.2619146663035,10.7789416439494,10.436468445729,2022-06-01,9.46862084003793,2.43057940499043,15.0027284015887,13.4212623158254,11.2604700314864,10.7710846329357,10.4259522962397
"223",2022-07-01,2.48107608,9.47025324963332,15.0115034310067,13.4682825876625,11.2619146663035,10.7789416439494,10.436468445729,2022-07-01,9.46614301299622,2.75929969772772,15.003593949752,13.4399082068015,11.2660078583585,10.7699103074575,10.4174201764313
"224",2022-08-01,2.48107608,9.47025324963332,15.0115034310067,13.4682825876625,11.2619146663035,10.7789416439494,10.436468445729,2022-08-01,9.46415741277443,3.06850053823202,15.0058895988301,13.4650164965803,11.2713186660389,10.7701835546226,10.4114221496618
"225",2022-09-01,2.48107608,9.47025324963332,15.0115034310067,13.4682825876625,11.2619146663035,10.7789416439494,10.436468445729,2022-09-01,9.46266403937256,3.35818192650333,15.009615348823,13.4965871851618,11.2764024545274,10.7719043744311,10.4079582159311
"226",2022-10-01,2.48107608,9.47025324963332,15.0115034310067,13.4682825876625,11.2619146663035,10.7789416439494,10.436468445729,2022-10-01,9.46166289279061,3.62834386254166,15.0147711997306,13.5346202725459,11.281259223824,10.775072766883,10.4070283752394
"227",2022-11-01,2.48107608,9.47025324963332,15.0115034310067,13.4682825876625,11.2619146663035,10.7789416439494,10.436468445729,2022-11-01,9.46115397302857,3.87898634634699,15.0213571515531,13.5791157587328,11.2858889739288,10.7796887319781,10.4086326275864
"228",2022-12-01,2.48107608,9.47025324963332,15.0115034310067,13.4682825876625,11.2619146663035,10.7789416439494,10.436468445729,2022-12-01,9.46113728008646,4.11010937791934,15.0293732042904,13.6300736437223,11.2902917048418,10.7857522697167,10.4127709729724
"229",2023-01-01,4.96128803,9.46967921832429,15.053752726815,13.558585517537,11.3175661690192,10.832112761027,10.4295607686898,2023-01-01,9.46161281396427,4.3217129572587,15.0388193579424,13.6874939275145,11.2944674165629,10.7932633800985,10.4194434113973
"230",2023-02-01,4.96128803,9.46967921832429,15.053752726815,13.558585517537,11.3175661690192,10.832112761027,10.4295607686898,2023-02-01,9.46231705978748,4.5113202591033,15.0467122049002,13.7262546321108,11.298648680927,10.8006712012703,10.4250005608412
"231",2023-03-01,4.96128803,9.46967921832429,15.053752726815,13.558585517537,11.3175661690192,10.832112761027,10.4295607686898,2023-03-01,9.46325001755608,4.67893128345313,15.0530517451637,13.7463557575113,11.302835497934,10.8079757332322,10.4294424213043
"232",2023-04-01,4.96128803,9.46967921832429,15.053752726815,13.558585517537,11.3175661690192,10.832112761027,10.4295607686898,2023-04-01,9.46441168727009,4.8245460303082,15.0578379787329,13.7477973037159,11.307027867584,10.815176975984,10.4327689927866
"233",2023-05-01,4.96128803,9.46967921832429,15.053752726815,13.558585517537,11.3175661690192,10.832112761027,10.4295607686898,2023-05-01,9.46580206892949,4.9481644996685,15.0610709056078,13.7305792707247,11.3112257898768,10.8222749295258,10.4349802752879
"234",2023-06-01,4.96128803,9.46967921832429,15.053752726815,13.558585517537,11.3175661690192,10.832112761027,10.4295607686898,2023-06-01,9.4674211625343,5.04978669153404,15.0627505257884,13.6947016585376,11.3154292648126,10.8292695938577,10.4360762688084
"235",2023-07-01,4.96128803,9.46967921832429,15.053752726815,13.558585517537,11.3175661690192,10.832112761027,10.4295607686898,2023-07-01,9.46926896808451,5.12941260590482,15.0628768392747,13.6401644671546,11.3196382923914,10.8361609689795,10.436056973348
"236",2023-08-01,4.96128803,9.46967921832429,15.053752726815,13.558585517537,11.3175661690192,10.832112761027,10.4295607686898,2023-08-01,9.47134548558011,5.18704224278084,15.0614498460668,13.5669676965758,11.3238528726131,10.8429490548913,10.4349223889068
"237",2023-09-01,4.96128803,9.46967921832429,15.053752726815,13.558585517537,11.3175661690192,10.832112761027,10.4295607686898,2023-09-01,9.47365071502112,5.22267560216209,15.0584695461645,13.4751113468012,11.3280730054777,10.8496338515931,10.4326725154846
"238",2023-10-01,4.96128803,9.46967921832429,15.053752726815,13.558585517537,11.3175661690192,10.832112761027,10.4295607686898,2023-10-01,9.47618465640753,5.23631268404858,15.053935939568,13.3645954178306,11.3322986909853,10.856215359085,10.4293073530816
"239",2023-11-01,4.96128803,9.46967921832429,15.053752726815,13.558585517537,11.3175661690192,10.832112761027,10.4295607686898,2023-11-01,9.47894730973934,5.2279534884403,15.0478490262772,13.2354199096643,11.3365299291358,10.8626935773668,10.4248269016977
"240",2023-12-01,4.96128803,9.46967921832429,15.053752726815,13.558585517537,11.3175661690192,10.832112761027,10.4295607686898,2023-12-01,9.48193867501655,5.19759801533727,15.0402088062921,13.0875848223021,11.3407667199292,10.8690685064386,10.419231161333
"241",2024-01-01,4.96128803,9.49647374581311,14.9987102483644,12.3360463968664,11.3599161868295,10.897377991926,10.3889383205368,2024-01-01,9.48515875223916,5.14524626473947,15.0310152796127,12.921090155744,11.3450090633655,10.8753401463004,10.4125201319873
"242",2024-02-01,4.96128803,9.49647374581311,14.9987102483644,12.3360463968664,11.3599161868295,10.897377991926,10.3889383205368,2024-02-01,9.48811048969322,5.09725716002481,15.0225878801566,12.7684700447324,11.3488978781822,10.8810891495071,10.4063683550872
"243",2024-03-01,4.96128803,9.49647374581311,14.9987102483644,12.3360463968664,11.3599161868295,10.897377991926,10.3889383205368,2024-03-01,9.49079388737873,5.05363070119331,15.0149266079237,12.6297244892673,11.3524331643792,10.8863155160586,10.4007758306325
"244",2024-04-01,4.96128803,9.49647374581311,14.9987102483644,12.3360463968664,11.3599161868295,10.897377991926,10.3889383205368,2024-04-01,9.49320894529568,5.01436688824496,15.0080314629142,12.5048534893488,11.3556149219564,10.8910192459549,10.3957425586233
"245",2024-05-01,4.96128803,9.49647374581311,14.9987102483644,12.3360463968664,11.3599161868295,10.897377991926,10.3889383205368,2024-05-01,9.49535566344409,4.97946572117976,15.0019024451279,12.3938570449767,11.358443150914,10.8952003391961,10.3912685390595
"246",2024-06-01,4.96128803,9.49647374581311,14.9987102483644,12.3360463968664,11.3599161868295,10.897377991926,10.3889383205368,2024-06-01,9.49723404182395,4.94892719999771,14.996539554565,12.2967351561512,11.3609178512519,10.8988587957822,10.3873537719412
"247",2024-07-01,4.96128803,9.49647374581311,14.9987102483644,12.3360463968664,11.3599161868295,10.897377991926,10.3889383205368,2024-07-01,9.49884408043525,4.92275132469881,14.9919427912253,12.2134878228722,11.3630390229701,10.9019946157131,10.3839982572684
"248",2024-08-01,4.96128803,9.49647374581311,14.9987102483644,12.3360463968664,11.3599161868295,10.897377991926,10.3889383205368,2024-08-01,9.50018577927801,4.90093809528306,14.9881121551089,12.1441150451396,11.3648066660686,10.9046077989889,10.3812019950411
"249",2024-09-01,4.96128803,9.49647374581311,14.9987102483644,12.3360463968664,11.3599161868295,10.897377991926,10.3889383205368,2024-09-01,9.50125913835221,4.88348751175046,14.9850476462157,12.0886168229536,11.3662207805474,10.9066983456095,10.3789649852592
"250",2024-10-01,4.96128803,9.49647374581311,14.9987102483644,12.3360463968664,11.3599161868295,10.897377991926,10.3889383205368,2024-10-01,9.50206415765786,4.87039957410101,14.9827492645459,12.0469931563141,11.3672813664064,10.9082662555749,10.3772872279228
"251",2024-11-01,4.96128803,9.49647374581311,14.9987102483644,12.3360463968664,11.3599161868295,10.897377991926,10.3889383205368,2024-11-01,9.50260083719497,4.86167428233471,14.9812170100993,12.0192440452211,11.3679884236458,10.9093115288852,10.3761687230319
"252",2024-12-01,4.96128803,9.49647374581311,14.9987102483644,12.3360463968664,11.3599161868295,10.897377991926,10.3889383205368,2024-12-01,9.50286917696352,4.85731163645156,14.980450882876,12.0053694896746,11.3683419522655,10.9098341655404,10.3756094705864
